INSERT INTO "User" (user_id, user_name, email, role, password_hash) VALUES (1, 'Alice', 'alice@example.com', 'client', 'hashedpassword1');
INSERT INTO "User" (user_id, user_name, email, role, password_hash) VALUES (2, 'Bob', 'bob@example.com', 'analyst', 'hashedpassword2');
INSERT INTO "User" (user_id, user_name, email, role, password_hash) VALUES (3, 'Carol', 'carol@example.com', 'admin', 'hashedpassword3');
INSERT INTO "User" (user_id, user_name, email, role, password_hash) VALUES (4, 'David', 'david@example.com', 'client', 'hashedpassword4');
INSERT INTO "User" (user_id, user_name, email, role, password_hash) VALUES (5, 'Eve', 'eve@example.com', 'client', 'hashedpassword5');
INSERT INTO "User" (user_id, user_name, email, role, password_hash) VALUES (6, 'Frank', 'frank@example.com', 'analyst', 'hashedpassword6');
INSERT INTO "User" (user_id, user_name, email, role, password_hash) VALUES (7, 'Grace', 'grace@example.com', 'client', 'hashedpassword7');
INSERT INTO "User" (user_id, user_name, email, role, password_hash) VALUES (8, 'Heidi', 'heidi@example.com', 'client', 'hashedpassword8');
INSERT INTO "User" (user_id, user_name, email, role, password_hash) VALUES (9, 'Ivan', 'ivan@example.com', 'client', 'hashedpassword9');
INSERT INTO "User" (user_id, user_name, email, role, password_hash) VALUES (10, 'Judy', 'judy@example.com', 'client', 'hashedpassword10');
INSERT INTO Location (location_id, name, latitude, longitude, type) VALUES (110, 'Location_110', 37.514786, -171.471955, 'rural');
INSERT INTO Location (location_id, name, latitude, longitude, type) VALUES (2, 'Location_2', -23.188656, 173.386595, 'rural');
INSERT INTO Location (location_id, name, latitude, longitude, type) VALUES (3, 'Location_3', -5.760089, 155.561461, 'rural');
INSERT INTO Location (location_id, name, latitude, longitude, type) VALUES (4, 'Location_4', 48.332977, -29.558117, 'rural');
INSERT INTO Location (location_id, name, latitude, longitude, type) VALUES (5, 'Location_5', 36.661089, 84.410143, 'rural');
INSERT INTO Location (location_id, name, latitude, longitude, type) VALUES (6, 'Location_6', 86.162508, 68.139731, 'rural');
INSERT INTO Location (location_id, name, latitude, longitude, type) VALUES (7, 'Location_7', 2.391984, 33.436048, 'rural');
INSERT INTO Location (location_id, name, latitude, longitude, type) VALUES (8, 'Location_8', 89.881357, 12.061377, 'rural');
INSERT INTO Location (location_id, name, latitude, longitude, type) VALUES (9, 'Location_9', 61.092606, -26.47884, 'rural');
INSERT INTO Location (location_id, name, latitude, longitude, type) VALUES (10, 'Location_10', 79.672549, 67.851454, 'rural');
INSERT INTO Agriculture_field (field_id, user_id, field_type) VALUES (1, 1, 1);
INSERT INTO Agriculture_field (field_id, user_id, field_type) VALUES (2, 2, 2);
INSERT INTO Agriculture_field (field_id, user_id, field_type) VALUES (3, 3, 1);
INSERT INTO Agriculture_field (field_id, user_id, field_type) VALUES (4, 4, 2);
INSERT INTO Agriculture_field (field_id, user_id, field_type) VALUES (5, 5, 2);
INSERT INTO Agriculture_field (field_id, user_id, field_type) VALUES (6, 6, 3);
INSERT INTO Agriculture_field (field_id, user_id, field_type) VALUES (7, 7, 2);
INSERT INTO Agriculture_field (field_id, user_id, field_type) VALUES (8, 8, 3);
INSERT INTO Agriculture_field (field_id, user_id, field_type) VALUES (9, 9, 2);
INSERT INTO Agriculture_field (field_id, user_id, field_type) VALUES (10, 10, 1);
INSERT INTO Crop (crop_id, field_id, crop_name) VALUES (1, 1, 'Corn');
INSERT INTO Crop (crop_id, field_id, crop_name) VALUES (2, 2, 'Wheat');
INSERT INTO Crop (crop_id, field_id, crop_name) VALUES (3, 3, 'Rice');
INSERT INTO Crop (crop_id, field_id, crop_name) VALUES (4, 4, 'Soybean');
INSERT INTO Crop (crop_id, field_id, crop_name) VALUES (5, 5, 'Barley');
INSERT INTO Crop (crop_id, field_id, crop_name) VALUES (6, 6, 'Tomato');
INSERT INTO Crop (crop_id, field_id, crop_name) VALUES (7, 7, 'Lettuce');
INSERT INTO Crop (crop_id, field_id, crop_name) VALUES (8, 8, 'Potato');
INSERT INTO Crop (crop_id, field_id, crop_name) VALUES (9, 9, 'Cotton');
INSERT INTO Crop (crop_id, field_id, crop_name) VALUES (10, 10, 'Sugarcane');
INSERT INTO Data_source (source_id, name, type, url) VALUES (1, 'Source_1', 'sensor', 'http://source1.com');
INSERT INTO Weather_data_source (station_id, source_id, start_date) VALUES (1, 1, '2024-01-01')
INSERT INTO Alert (alert_id, user_id, prediction_id, timestamp_sent, status) VALUES (1, 1, 1, '2024-01-16 00:00:00', 'active');
INSERT INTO Alert (alert_id, user_id, prediction_id, timestamp_sent, status) VALUES (2, 2, 2, '2024-01-17 00:00:00', 'pending');
INSERT INTO Alert (alert_id, user_id, prediction_id, timestamp_sent, status) VALUES (3, 3, 3, '2024-01-18 00:00:00', 'pending');
INSERT INTO Alert (alert_id, user_id, prediction_id, timestamp_sent, status) VALUES (4, 4, 4, '2024-01-19 00:00:00', 'pending');
INSERT INTO Alert (alert_id, user_id, prediction_id, timestamp_sent, status) VALUES (5, 5, 5, '2024-01-20 00:00:00', 'active');
INSERT INTO Alert (alert_id, user_id, prediction_id, timestamp_sent, status) VALUES (6, 6, 6, '2024-01-21 00:00:00', 'pending');
INSERT INTO Alert (alert_id, user_id, prediction_id, timestamp_sent, status) VALUES (7, 7, 7, '2024-01-22 00:00:00', 'active');
INSERT INTO Alert (alert_id, user_id, prediction_id, timestamp_sent, status) VALUES (8, 8, 8, '2024-01-23 00:00:00', 'active');
INSERT INTO Alert (alert_id, user_id, prediction_id, timestamp_sent, status) VALUES (9, 9, 9, '2024-01-24 00:00:00', 'active');
INSERT INTO Alert (alert_id, user_id, prediction_id, timestamp_sent, status) VALUES (10, 10, 10, '2024-01-25 00:00:00', 'pending');

